{
  "1": 0.37524,
  "std_1yr": 0.003840559723516745,
  "all_1": [
    0.376,
    0.38,
    0.367,
    0.377,
    0.377,
    0.373,
    0.374,
    0.375,
    0.376,
    0.369,
    0.375,
    0.37,
    0.374,
    0.369,
    0.37,
    0.377,
    0.378,
    0.375,
    0.372,
    0.376,
    0.368,
    0.378,
    0.368,
    0.382,
    0.378,
    0.38,
    0.377,
    0.37,
    0.377,
    0.378,
    0.379,
    0.372,
    0.373,
    0.376,
    0.376,
    0.378,
    0.379,
    0.37,
    0.369,
    0.374,
    0.376,
    0.374,
    0.383,
    0.377,
    0.374,
    0.369,
    0.379,
    0.375,
    0.378,
    0.379,
    0.375,
    0.376,
    0.379,
    0.374,
    0.374,
    0.371,
    0.377,
    0.372,
    0.376,
    0.369,
    0.369,
    0.371,
    0.379,
    0.372,
    0.376,
    0.377,
    0.377,
    0.367,
    0.376,
    0.373,
    0.375,
    0.387,
    0.378,
    0.377,
    0.376,
    0.374,
    0.373,
    0.377,
    0.379,
    0.381,
    0.373,
    0.372,
    0.374,
    0.371,
    0.38,
    0.372,
    0.377,
    0.382,
    0.376,
    0.377,
    0.372,
    0.383,
    0.375,
    0.373,
    0.38,
    0.375,
    0.376,
    0.38,
    0.378,
    0.375
  ],
  "3": 0.6579700000000002,
  "std_3yr": 0.004166860601547321,
  "all_3": [
    0.66,
    0.663,
    0.653,
    0.66,
    0.66,
    0.657,
    0.656,
    0.658,
    0.659,
    0.653,
    0.663,
    0.659,
    0.658,
    0.649,
    0.657,
    0.654,
    0.669,
    0.657,
    0.656,
    0.661,
    0.655,
    0.654,
    0.651,
    0.661,
    0.659,
    0.659,
    0.657,
    0.655,
    0.66,
    0.66,
    0.658,
    0.659,
    0.659,
    0.661,
    0.668,
    0.654,
    0.665,
    0.655,
    0.657,
    0.657,
    0.657,
    0.659,
    0.663,
    0.662,
    0.657,
    0.661,
    0.659,
    0.659,
    0.652,
    0.656,
    0.66,
    0.653,
    0.663,
    0.653,
    0.656,
    0.65,
    0.653,
    0.655,
    0.66,
    0.655,
    0.66,
    0.66,
    0.647,
    0.654,
    0.66,
    0.663,
    0.658,
    0.656,
    0.651,
    0.657,
    0.655,
    0.669,
    0.661,
    0.662,
    0.656,
    0.653,
    0.65,
    0.656,
    0.66,
    0.661,
    0.657,
    0.663,
    0.655,
    0.655,
    0.659,
    0.655,
    0.659,
    0.665,
    0.665,
    0.655,
    0.655,
    0.663,
    0.659,
    0.653,
    0.663,
    0.663,
    0.661,
    0.661,
    0.657,
    0.656
  ],
  "6": 0.7795099999999999,
  "std_6yr": 0.0033709843300637537,
  "all_6": [
    0.782,
    0.788,
    0.778,
    0.78,
    0.782,
    0.776,
    0.78,
    0.78,
    0.778,
    0.777,
    0.783,
    0.782,
    0.781,
    0.772,
    0.778,
    0.774,
    0.787,
    0.781,
    0.778,
    0.78,
    0.775,
    0.775,
    0.778,
    0.785,
    0.778,
    0.778,
    0.78,
    0.773,
    0.783,
    0.78,
    0.78,
    0.781,
    0.778,
    0.78,
    0.782,
    0.781,
    0.787,
    0.778,
    0.779,
    0.779,
    0.779,
    0.782,
    0.781,
    0.778,
    0.778,
    0.783,
    0.78,
    0.777,
    0.774,
    0.778,
    0.783,
    0.776,
    0.781,
    0.777,
    0.778,
    0.773,
    0.776,
    0.78,
    0.784,
    0.778,
    0.78,
    0.784,
    0.775,
    0.778,
    0.78,
    0.784,
    0.779,
    0.78,
    0.776,
    0.777,
    0.772,
    0.786,
    0.782,
    0.781,
    0.779,
    0.777,
    0.774,
    0.778,
    0.785,
    0.782,
    0.778,
    0.783,
    0.779,
    0.775,
    0.779,
    0.778,
    0.781,
    0.787,
    0.783,
    0.776,
    0.779,
    0.784,
    0.778,
    0.777,
    0.78,
    0.782,
    0.779,
    0.785,
    0.776,
    0.78
  ],
  "9": 0.8084600000000002,
  "std_9yr": 0.0032330990230627346,
  "all_9": [
    0.81,
    0.817,
    0.807,
    0.811,
    0.812,
    0.805,
    0.807,
    0.81,
    0.808,
    0.804,
    0.811,
    0.811,
    0.812,
    0.8,
    0.808,
    0.803,
    0.816,
    0.813,
    0.807,
    0.811,
    0.805,
    0.802,
    0.807,
    0.812,
    0.806,
    0.807,
    0.808,
    0.803,
    0.812,
    0.807,
    0.81,
    0.81,
    0.809,
    0.808,
    0.81,
    0.81,
    0.815,
    0.807,
    0.809,
    0.806,
    0.806,
    0.812,
    0.81,
    0.806,
    0.808,
    0.81,
    0.809,
    0.807,
    0.803,
    0.805,
    0.812,
    0.805,
    0.81,
    0.806,
    0.806,
    0.802,
    0.806,
    0.808,
    0.813,
    0.808,
    0.809,
    0.814,
    0.805,
    0.806,
    0.811,
    0.812,
    0.81,
    0.809,
    0.804,
    0.806,
    0.803,
    0.812,
    0.812,
    0.811,
    0.808,
    0.806,
    0.805,
    0.807,
    0.811,
    0.809,
    0.808,
    0.812,
    0.808,
    0.804,
    0.807,
    0.807,
    0.809,
    0.813,
    0.812,
    0.805,
    0.808,
    0.812,
    0.808,
    0.808,
    0.809,
    0.812,
    0.807,
    0.813,
    0.806,
    0.81
  ],
  "gamma_loss": 0.1451995759825028,
  "offense_loss": 0.030233372900651846,
  "tier_3yr_Low": 0.6552220642523087,
  "tier_share_Low": 0.29096595732059694,
  "tier_3yr_LowModerate": 0.6601819940876966,
  "tier_share_LowModerate": 0.3559980987953143,
  "tier_3yr_Moderate": 0.6592132154297888,
  "tier_share_Moderate": 0.23900361860395164,
  "tier_3yr_High": 0.6554180755306248,
  "tier_share_High": 0.11403232528013704,
  "off_Violent_3yr": 0.6503172548362782,
  "off_Violent_6yr": 0.7503528281616996,
  "off_Violent_9yr": 0.775128616970965,
  "off_Drug_3yr": 0.6587517688675968,
  "off_Drug_6yr": 0.7792459581040405,
  "off_Drug_9yr": 0.8067045889095554,
  "off_Property_3yr": 0.6606687968638337,
  "off_Property_6yr": 0.7901642640903661,
  "off_Property_9yr": 0.8208844810124856,
  "off_Other(PublicOrder)_3yr": 0.65915370779095,
  "off_Other(PublicOrder)_6yr": 0.7874174411899197,
  "off_Other(PublicOrder)_9yr": 0.8186592904250731,
  "n_elig_per_run": [
    16161,
    16115,
    16049,
    16264,
    16198,
    16303,
    16257,
    16199,
    16260,
    16012,
    16405,
    16346,
    16164,
    16274,
    16278,
    16211,
    16164,
    16163,
    16081,
    15967,
    16293,
    16239,
    16201,
    16037,
    16320,
    16143,
    16180,
    16136,
    16214,
    16322,
    16250,
    16234,
    16344,
    16241,
    16106,
    16319,
    16282,
    16119,
    16261,
    16083,
    16214,
    16195,
    16132,
    16338,
    16142,
    16072,
    16077,
    16291,
    16103,
    16197,
    16115,
    16233,
    16110,
    16057,
    16028,
    16230,
    16022,
    16412,
    16144,
    16237,
    16114,
    16225,
    16280,
    16243,
    16335,
    16188,
    16109,
    16161,
    16170,
    16083,
    15961,
    16036,
    16121,
    16271,
    16218,
    16277,
    16033,
    16270,
    16178,
    16424,
    16287,
    16189,
    16233,
    16210,
    16148,
    16086,
    16296,
    16129,
    15944,
    16105,
    16198,
    16118,
    16282,
    16328,
    16145,
    16137,
    16248,
    16220,
    16197,
    16335
  ],
  "counts_1_per_run": [
    6079,
    6121,
    5896,
    6131,
    6102,
    6084,
    6077,
    6069,
    6110,
    5902,
    6144,
    6048,
    6050,
    6007,
    6021,
    6104,
    6103,
    6067,
    5977,
    6010,
    5994,
    6146,
    5961,
    6127,
    6176,
    6140,
    6095,
    5975,
    6107,
    6162,
    6163,
    6047,
    6099,
    6114,
    6048,
    6164,
    6163,
    5968,
    5995,
    6022,
    6096,
    6057,
    6186,
    6161,
    6038,
    5925,
    6089,
    6102,
    6082,
    6140,
    6047,
    6105,
    6104,
    5998,
    5995,
    6017,
    6037,
    6108,
    6068,
    5994,
    5942,
    6024,
    6167,
    6047,
    6140,
    6105,
    6075,
    5928,
    6083,
    6004,
    5978,
    6212,
    6089,
    6131,
    6094,
    6085,
    5987,
    6139,
    6136,
    6261,
    6073,
    6029,
    6079,
    6014,
    6129,
    5980,
    6137,
    6154,
    5988,
    6075,
    6018,
    6172,
    6101,
    6092,
    6136,
    6052,
    6106,
    6165,
    6118,
    6123
  ],