{
  "calibrated_params": {
    "Risk_Contrast_Strength": 1.0,
    "Supervision_Monitoring_Intensity": 1.1199999999999999,
    "Risk_Effect_Decay_After_1Y": 0.524,
    "Risk_Effect_Decay_After_3Y": 0.5,
    "Risk_Effect_Decay_After_6Y": 0.508,
    "Supervision_Monitoring_Decay_After_3Y": 0.99,
    "Supervision_Monitoring_Decay_After_6Y": 0.4,
    "offense_hazard_shift": {
      "Violent": -0.30000000000000004,
      "Drug": 0.04999999999999999,
      "Property": 0.6000000000000001,
      "Other(PublicOrder)": -0.4
    }
  },
  "baseline_rates": {
    "3": 0.6579700000000002,
    "6": 0.7795099999999999,
    "9": 0.8084600000000002
  },
  "baseline_std": {
    "3": 0.004166860601547321,
    "6": 0.0033709843300637537,
    "9": 0.0032330990230627346
  },
  "baseline_tier": {
    "Low": 0.6552220642523087,
    "LowModerate": 0.6601819940876966,
    "Moderate": 0.6592132154297888,
    "High": 0.6554180755306248
  },
  "baseline_share": {
    "Low": 0.29096595732059694,
    "LowModerate": 0.3559980987953143,
    "Moderate": 0.23900361860395164,
    "High": 0.11403232528013704
  },
  "calibrated_rates": {
    "3": 0.7016199999999999,
    "6": 0.7989099999999999,
    "9": 0.8153899999999998
  },
  "calibrated_std": {
    "3": 0.004145777942373998,
    "6": 0.0035422272283654756,
    "9": 0.0033208706415910937
  },
  "final_validation": {
    "all_3": [
      0.703,
      0.697,
      0.697,
      0.699,
      0.7,
      0.704,
      0.708,
      0.699,
      0.708,
      0.698,
      0.701,
      0.702,
      0.705,
      0.711,
      0.702,
      0.698,
      0.706,
      0.701,
      0.705,
      0.704,
      0.701,
      0.704,
      0.699,
      0.711,
      0.712,
      0.695,
      0.698,
      0.704,
      0.701,
      0.7,
      0.706,
      0.702,
      0.696,
      0.703,
      0.695,
      0.703,
      0.7,
      0.705,
      0.699,
      0.7,
      0.706,
      0.702,
      0.694,
      0.7,
      0.697,
      0.701,
      0.703,
      0.705,
      0.704,
      0.7,
      0.706,
      0.705,
      0.703,
      0.699,
      0.705,
      0.705,
      0.702,
      0.701,
      0.705,
      0.705,
      0.695,
      0.699,
      0.7,
      0.699,
      0.698,
      0.705,
      0.71,
      0.704,
      0.705,
      0.696,
      0.697,
      0.696,
      0.703,
      0.703,
      0.706,
      0.705,
      0.702,
      0.699,
      0.708,
      0.692,
      0.695,
      0.699,
      0.701,
      0.702,
      0.7,
      0.699,
      0.696,
      0.707,
      0.703,
      0.709,
      0.703,
      0.703,
      0.699,
      0.697,
      0.695,
      0.702,
      0.699,
      0.708,
      0.697,
      0.696
    ],
    "all_6": [
      0.8,
      0.797,
      0.796,
      0.798,
      0.799,
      0.806,
      0.801,
      0.802,
      0.807,
      0.804,
      0.8,
      0.797,
      0.8,
      0.802,
      0.8,
      0.797,
      0.805,
      0.795,
      0.794,
      0.801,
      0.797,
      0.801,
      0.793,
      0.807,
      0.808,
      0.795,
      0.799,
      0.803,
      0.8,
      0.797,
      0.802,
      0.798,
      0.793,
      0.802,
      0.793,
      0.795,
      0.798,
      0.798,
      0.797,
      0.8,
      0.8,
      0.802,
      0.791,
      0.8,
      0.793,
      0.798,
      0.804,
      0.804,
      0.799,
      0.798,
      0.798,
      0.802,
      0.801,
      0.798,
      0.801,
      0.802,
      0.797,
      0.797,
      0.801,
      0.803,
      0.794,
      0.799,
      0.796,
      0.793,
      0.796,
      0.799,
      0.8,
      0.797,
      0.804,
      0.8,
      0.793,
      0.794,
      0.798,
      0.8,
      0.801,
      0.8,
      0.8,
      0.799,
      0.803,
      0.794,
      0.796,
      0.801,
      0.796,
      0.793,
      0.801,
      0.793,
      0.797,
      0.806,
      0.801,
      0.8,
      0.797,
      0.799,
      0.798,
      0.798,
      0.797,
      0.795,
      0.796,
      0.801,
      0.8,
      0.8
    ],
    "all_9": [
      0.815,
      0.813,
      0.811,
      0.814,
      0.816,
      0.824,
      0.815,
      0.817,
      0.823,
      0.82,
      0.816,
      0.814,
      0.817,
      0.819,
      0.817,
      0.814,
      0.819,
      0.812,
      0.813,
      0.818,
      0.812,
      0.818,
      0.811,
      0.822,
      0.825,
      0.811,
      0.815,
      0.819,
      0.816,
      0.814,
      0.818,
      0.812,
      0.811,
      0.819,
      0.81,
      0.813,
      0.814,
      0.812,
      0.811,
      0.815,
      0.816,
      0.821,
      0.807,
      0.817,
      0.811,
      0.815,
      0.821,
      0.822,
      0.816,
      0.815,
      0.815,
      0.817,
      0.816,
      0.814,
      0.818,
      0.816,
      0.815,
      0.816,
      0.818,
      0.819,
      0.812,
      0.813,
      0.811,
      0.811,
      0.813,
      0.814,
      0.817,
      0.815,
      0.819,
      0.817,
      0.813,
      0.813,
      0.813,
      0.816,
      0.818,
      0.816,
      0.816,
      0.812,
      0.82,
      0.812,
      0.816,
      0.817,
      0.815,
      0.808,
      0.818,
      0.812,
      0.812,
      0.821,
      0.815,
      0.815,
      0.813,
      0.816,
      0.815,
      0.815,
      0.814,
      0.813,
      0.814,
      0.816,
      0.816,
      0.817
    ]
  },
  "calibrated_tier": {
    "Low": 0.5232199040551176,
    "LowModerate": 0.6939403863311068,
    "Moderate": 0.8260765132737885,
    "High": 0.9199407202418663
  },
  "calibrated_share": {
    "Low": 0.2909417922332036,
    "LowModerate": 0.3560059597347866,
    "Moderate": 0.23899568778392066,
    "High": 0.11405656024808909
  },
  "baseline_offense": {
    "Violent": {
      "3": 0.6503172548362782,
      "6": 0.7503528281616996,
      "9": 0.775128616970965
    },
    "Drug": {
      "3": 0.6587517688675968,
      "6": 0.7792459581040405,
      "9": 0.8067045889095554
    },
    "Property": {
      "3": 0.6606687968638337,
      "6": 0.7901642640903661,
      "9": 0.8208844810124856
    },
    "Other(PublicOrder)": {
      "3": 0.65915370779095,
      "6": 0.7874174411899197,
      "9": 0.8186592904250731
    }
  },
  "calibrated_offense": {
    "Violent": {
      "3": 0.6629645497416439,
      "6": 0.7406316889883044,
      "9": 0.7545985230469568
    },
    "Drug": {
      "3": 0.6991036115817845,
      "6": 0.7961341275076254,
      "9": 0.8110673154938176
    },
    "Property": {
      "3": 0.752798976878834,
      "6": 0.8541964599630956,
      "9": 0.8709829833796918
    },
    "Other(PublicOrder)": {
      "3": 0.6675848694144091,
      "6": 0.7760745697145418,
      "9": 0.7954761205896242
    }
  },
  "bjs_offense_targets": {
    "Violent": {
      "3": 0.622,
      "6": 0.742,
      "9": 0.787
    },
    "Property": {
      "3": 0.75,
      "6": 0.844,
      "9": 0.878
    },
    "Drug": {
      "3": 0.686,
      "6": 0.798,
      "9": 0.838
    },
    "Other(PublicOrder)": {
      "3": 0.65,
      "6": 0.769,
      "9": 0.819
    }
  },
  "offense_loss_final": 0.01683109401092774,
  "bjs_targets": {
    "3": 0.684,
    "6": 0.794,
    "9": 0.834
  },
  "pcra_targets": {
    "Low": {
      "3": 0.462,
      "6": 0.614,
      "9": 0.676
    },
    "LowModerate": {
      "3": 0.72,
      "6": 0.843,
      "9": 0.888
    },
    "Moderate": {
      "3": 0.845,
      "6": 0.921,
      "9": 0.946
    },
    "High": {
      "3": 0.91,
      "6": 0.95,
      "9": 0.95
    }
  },
  "seeds_used": [
    42,
    137,
    251,
    389,
    503,
    617,
    743,
    863,
    971,
    1087
  ],
  "n_workers": 127,
  "final_mae": {
    "3": 0.017619999999999858,
    "6": 0.004909999999999859,
    "9": 0.018610000000000126
  },
  "diagnostic": {
    "bjs_reference_1yr": 0.439,
    "baseline_rate_1yr": 0.37524,
    "calibrated_rate_1yr": 0.4303100000000001,
    "calibrated_mae_1yr": 0.00868999999999992
  },
  "config": {
    "initial_agents": 3000,
    "warmup_months": 144,
    "study_months": 108,
    "monthly_intake": 10,
    "bias_factor": 0.0,
    "enable_peer_influence": true,